<application>
  <component name="DimensionService">
    <size key="CreateCMakeListWizard.topPanel.0.0.1920.1080" width="640" height="476" />
    <size key="CreateCMakeListWizard.bottomPanel.0.0.1920.1080" width="640" height="204" />
    <size key="GridCell.Tab.0.left.0.0.1920.1080" width="1836" height="299" />
    <size key="GridCell.Tab.0.center.0.0.1920.1080" width="1836" height="299" />
    <size key="GridCell.Tab.0.right.0.0.1920.1080" width="1836" height="299" />
    <size key="GridCell.Tab.0.bottom.0.0.1920.1080" width="1836" height="299" />
    <size key="GridCell.Tab.1.left.0.0.1920.1080" width="1836" height="299" />
    <size key="GridCell.Tab.1.center.0.0.1920.1080" width="1836" height="299" />
    <size key="GridCell.Tab.1.right.0.0.1920.1080" width="1836" height="299" />
    <size key="GridCell.Tab.1.bottom.0.0.1920.1080" width="1836" height="299" />
    <size key="GridCell.Tab.2.left.0.0.1920.1080" width="1836" height="299" />
    <size key="GridCell.Tab.2.center.0.0.1920.1080" width="1836" height="299" />
    <size key="GridCell.Tab.2.right.0.0.1920.1080" width="1836" height="299" />
    <size key="GridCell.Tab.2.bottom.0.0.1920.1080" width="1836" height="299" />
    <size key="GridCell.Tab.3.left.0.0.1920.1080" width="1836" height="299" />
    <size key="GridCell.Tab.3.center.0.0.1920.1080" width="1836" height="299" />
    <size key="GridCell.Tab.3.right.0.0.1920.1080" width="1836" height="299" />
    <size key="GridCell.Tab.3.bottom.0.0.1920.1080" width="1836" height="299" />
  </component>
  <component name="WindowManager">
    <frame x="0" y="32" width="960" height="1048" extendedState="4" />
  </component>
  <component name="WindowStateApplicationService">
    <state x="743" y="312" width="424" height="495" key="FileChooserDialogImpl" timestamp="1731824008424">
      <screen x="0" y="32" width="1920" height="1048" />
    </state>
    <state x="743" y="312" width="424" height="495" key="FileChooserDialogImpl/0.32.1920.1048" timestamp="1731824008424" />
    <state x="960" y="556" width="1920" height="1048" key="WELCOME_SCREEN" timestamp="1732261632623">
      <screen x="0" y="32" width="1920" height="1048" />
    </state>
    <state x="960" y="556" width="1920" height="1048" key="WELCOME_SCREEN/0.32.1920.1048" timestamp="1732261632623" />
    <state width="300" height="524" key="manage.recent.projects.popup" timestamp="1731840522245">
      <screen x="0" y="32" width="1920" height="1048" />
    </state>
    <state width="300" height="524" key="manage.recent.projects.popup/0.32.1920.1048" timestamp="1731840522245" />
  </component>
</application>