<keymap version="1" name="GNOME copy" parent="Default for GNOME">
  <action id="ActivateBookmarksToolWindow" />
  <action id="ActivateServicesToolWindow" />
  <action id="ActivateTODOToolWindow">
    <keyboard-shortcut first-keystroke="alt 8" />
  </action>
  <action id="ActivateTerminalToolWindow">
    <keyboard-shortcut first-keystroke="alt 2" />
  </action>
  <action id="ChangesView.ToggleCommitUi" />
  <action id="CheckinProject" />
  <action id="CloseAllEditorsButActive">
    <keyboard-shortcut first-keystroke="shift ctrl w" />
  </action>
  <action id="CloseContent">
    <keyboard-shortcut first-keystroke="ctrl w" />
  </action>
  <action id="EditorDown">
    <keyboard-shortcut first-keystroke="down" />
    <keyboard-shortcut first-keystroke="ctrl j" />
  </action>
  <action id="EditorLeft">
    <keyboard-shortcut first-keystroke="left" />
    <keyboard-shortcut first-keystroke="ctrl h" />
  </action>
  <action id="EditorRight">
    <keyboard-shortcut first-keystroke="right" />
    <keyboard-shortcut first-keystroke="ctrl l" />
  </action>
  <action id="EditorSelectWord" />
  <action id="EditorUnSelectWord" />
  <action id="EditorUp">
    <keyboard-shortcut first-keystroke="up" />
    <keyboard-shortcut first-keystroke="ctrl k" />
  </action>
  <action id="EmmetNextEditPoint" />
  <action id="EmmetPreviousEditPoint" />
  <action id="FileChooser.NewFolder">
    <keyboard-shortcut first-keystroke="alt insert" />
  </action>
  <action id="FindNext">
    <keyboard-shortcut first-keystroke="f3" />
  </action>
  <action id="Git.Commit.Stage" />
  <action id="GotoClass" />
  <action id="InsertInlineCompletionAction">
    <keyboard-shortcut first-keystroke="back_quote" />
  </action>
  <action id="InsertLiveTemplate" />
  <action id="NewElementMenu">
    <keyboard-shortcut first-keystroke="ctrl n" />
  </action>
  <action id="NextTab">
    <keyboard-shortcut first-keystroke="shift alt close_bracket" />
  </action>
  <action id="PreviousTab">
    <keyboard-shortcut first-keystroke="shift alt open_bracket" />
  </action>
  <action id="ReformatCode" />
  <action id="RiderTypeHierarchy.BaseOnThisType" />
  <action id="ShowBookmarks" />
  <action id="ShowReformatFileDialog" />
  <action id="SmartSelect" />
  <action id="SurroundWith">
    <keyboard-shortcut first-keystroke="shift ctrl alt b" />
    <keyboard-shortcut first-keystroke="alt t" />
  </action>
  <action id="TableResult.GrowSelection" />
  <action id="TableResult.SelectColumn" />
  <action id="TableResult.ShrinkSelection" />
  <action id="Terminal.ClearBuffer" />
  <action id="Terminal.DeletePreviousWord" />
  <action id="TypeHierarchy" />
  <action id="TypeHierarchyBase.BaseOnThisType" />
  <action id="UsageFiltering.WriteAccess" />
  <action id="Vcs.Log.FocusTextFilter" />
  <action id="editRunConfigurations">
    <keyboard-shortcut first-keystroke="shift f11" />
  </action>
</keymap>